05be30bf-0e65-11ee-ae25-107d1a39c4da.jpg,[]
69fe9166-0e65-11ee-96c1-107d1a39c4da.jpg,['P3RV P']
e8b3994f-0e65-11ee-9b21-107d1a39c4da.jpg,['LIV.23']
5a3be41b-0e67-11ee-bcc8-107d1a39c4da.jpg,['LIV.23']
3ed17f81-0e6e-11ee-8fe2-107d1a39c4da.jpg,['LIV.23']
1302e502-0e6f-11ee-b75f-107d1a39c4da.jpg,['LIV.23']
0e2e464f-0e71-11ee-8c02-107d1a39c4da.jpg,['LIV.23']
93fc21d9-0e7d-11ee-a2e3-107d1a39c4da.jpg,['3 16']
9b4cfaa3-0e7f-11ee-a9d3-107d1a39c4da.jpg,['3 16']
cec4e9f8-0e7f-11ee-85b1-107d1a39c4da.jpg,['DZI7 YXR']
6492b129-0e80-11ee-be1e-107d1a39c4da.jpg,['DZI7 YXR']
5c01774d-0eab-11ee-85d9-107d1a39c4da.jpg,['DZI7 YXR']
6485d5d7-0eb8-11ee-871a-107d1a39c4da.jpg,[]
cb82707a-0eb9-11ee-8f9a-107d1a39c4da.jpg,[]
0d121f17-0eba-11ee-b1c9-107d1a39c4da.jpg,[]
e94c053b-0ec7-11ee-ad14-107d1a39c4da.jpg,['WRDPRS']
0aa0e5f2-0ec8-11ee-b859-107d1a39c4da.jpg,['6xSu832']
91b53d8f-0ec8-11ee-ae3c-107d1a39c4da.jpg,['6xSu832']
cd628f7a-0ec8-11ee-a7bb-107d1a39c4da.jpg,['6xSu832']
2df7aec1-0ec9-11ee-a198-107d1a39c4da.jpg,['6xSu832']
47b0bf6a-0ec9-11ee-9fca-107d1a39c4da.jpg,['WRDPRS']
460a367d-0f0f-11ee-a2ba-107d1a39c4da.jpg,['6xSu832']
a7a9d83a-0f3a-11ee-9d4a-107d1a39c4da.jpg,['6xSu832']
c5441e97-0f7e-11ee-99ba-107d1a39c4da.jpg,['3 16']
19b0e201-0f81-11ee-92df-107d1a39c4da.jpg,['WRDPRS']
c08059e3-0f81-11ee-8043-107d1a39c4da.jpg,[]
b726f8b1-0fe6-11ee-9c9b-107d1a39c4da.jpg,[]
116ea72c-0fe7-11ee-9016-107d1a39c4da.jpg,[]
5ad9fb66-10a4-11ee-922d-107d1a39c4da.jpg,['6xSu832']
2879e891-11f7-11ee-a73e-107d1a39c4da.jpg,['WRDPRS']
8f9db2d0-11fb-11ee-93a9-107d1a39c4da.jpg,['WRDPRS']
a6a10cf6-126a-11ee-87c4-107d1a39c4da.jpg,['6xSu832']
d303c105-126c-11ee-84fd-107d1a39c4da.jpg,['LIV.23']
b5fa2aba-126e-11ee-a149-107d1a39c4da.jpg,['LIV.23']
eb88d03e-14c0-11ee-90e5-e89eb420341e.jpg,['6xSu832']
4f793564-17d1-11ee-9d2a-e89eb420341e.jpg,['WRDPRS']
b3f97431-17d1-11ee-9c3f-e89eb420341e.jpg,[]
7e08f520-1ba8-11ee-a666-107d1a39c4da.jpg,['6xSu832']
c61a3770-1f01-11ee-9cee-107d1a39c4da.jpg,['WRDPRS']
9ea5762b-1f02-11ee-8232-107d1a39c4da.jpg,['WRDPRS']
792a08da-23f0-11ee-9550-107d1a39c4da.jpg,['WRDPRS']
af0858c4-2445-11ee-904a-107d1a39c4da.jpg,['6xSu832']
70f5d4de-2446-11ee-b225-107d1a39c4da.jpg,[]
da94a385-2446-11ee-909b-107d1a39c4da.jpg,['EPIC Fal']
f665422d-2446-11ee-9411-107d1a39c4da.jpg,[]
5c31ce43-2447-11ee-9c32-107d1a39c4da.jpg,['KA 51 MD 4175']
5023eb61-2464-11ee-bfc6-107d1a39c4da.jpg,[]
073c0b26-2465-11ee-aa44-107d1a39c4da.jpg,['[3SAM123|']
92860c87-2465-11ee-92e5-107d1a39c4da.jpg,['MHI2DE4422']
da23b1e6-2465-11ee-8021-107d1a39c4da.jpg,[]
2852332e-2466-11ee-8604-107d1a39c4da.jpg,['[3SAM123|']
5c40abc6-2466-11ee-bd97-107d1a39c4da.jpg,[]
f85824f0-2466-11ee-bd40-107d1a39c4da.jpg,['DZI7 YXR']
7328e4b2-2467-11ee-a383-107d1a39c4da.jpg,[]
a7009420-2467-11ee-bbb6-107d1a39c4da.jpg,[]
ede5860f-2467-11ee-817c-107d1a39c4da.jpg,['P3RV P']
419c6d51-2468-11ee-92f4-107d1a39c4da.jpg,['6526 JHD']
9a8c9909-2468-11ee-9dff-107d1a39c4da.jpg,['01Cc IA O001']
e54ad21a-2468-11ee-82dc-107d1a39c4da.jpg,[]
14aebc95-2469-11ee-a605-107d1a39c4da.jpg,[]
5fc8b864-2469-11ee-9e69-107d1a39c4da.jpg,[]
7fb96ea2-2469-11ee-b562-107d1a39c4da.jpg,['A401a34']
df49c161-2469-11ee-83b0-107d1a39c4da.jpg,['325 338']
015d6045-246a-11ee-b6e7-107d1a39c4da.jpg,['[3SAM123|']
3b3533fc-246a-11ee-b8c7-107d1a39c4da.jpg,['EPIC Fal']
594e6113-246a-11ee-ac57-107d1a39c4da.jpg,[]
b362b876-246a-11ee-a72a-107d1a39c4da.jpg,[]
3469c73b-246b-11ee-b515-107d1a39c4da.jpg,['MHI2DE4422']
90934467-246b-11ee-b9a2-107d1a39c4da.jpg,[]
e56b7eeb-246b-11ee-b416-107d1a39c4da.jpg,[]
0dd04c5f-246c-11ee-a4ea-107d1a39c4da.jpg,['KA 51 MD 4175']
4f24741d-246c-11ee-9751-107d1a39c4da.jpg,['WRDPRS']
74998990-246e-11ee-bac6-107d1a39c4da.jpg,['LIV.23']
c383134d-246e-11ee-96be-107d1a39c4da.jpg,['3 16']
fb05417b-246e-11ee-869a-107d1a39c4da.jpg,['DL 7c0 1939']
38ada8a9-246f-11ee-b84d-107d1a39c4da.jpg,[]
92721ff7-246f-11ee-a8d3-107d1a39c4da.jpg,['MH2OEE 7598']
ac41647a-246f-11ee-887b-107d1a39c4da.jpg,[]
ca4e0a96-246f-11ee-94f9-107d1a39c4da.jpg,['22BH6S17I']
e18235d1-246f-11ee-9318-107d1a39c4da.jpg,[]
3a9160e8-2473-11ee-b8a2-107d1a39c4da.jpg,['DZI7 YXR']
9750ec2f-247e-11ee-bf85-107d1a39c4da.jpg,['DZI7 YXR']
8b60848a-24b8-11ee-b8e1-107d1a39c4da.jpg,['DZI7 YXR']
6b8c1ac7-24ce-11ee-95d4-107d1a39c4da.jpg,['DZI7 YXR']
607af68b-252a-11ee-aca3-107d1a39c4da.jpg,['DZI7 YXR']
b675bc95-2536-11ee-8118-107d1a39c4da.jpg,['DZI7 YXR']
dff125fd-2536-11ee-9e7e-107d1a39c4da.jpg,['A401a34']
